latitude,longitude,depth,mag,Timestamp,Year
37.7974,36.5428,5,4.3,1680126261,2023
37.3371,36.8395,4.1,4.1,1680120517,2023
37.9135,36.2474,10,4.6,1680108422,2023
38.2368,38.0593,5.5,4.4,1680098319,2023
37.6759,36.3106,16.8,4.3,1680000916,2023
38.0816,36.5466,8.9,4.4,1679927716,2023
37.9055,36.1849,10,4.3,1679726020,2023
37.9894,36.9839,10,4.4,1679719174,2023
37.9624,37.5237,12.8,4.4,1679663435,2023
37.9593,36.3728,10,4.6,1679618393,2023
38.0255,36.4149,10,4.9,1679563193,2023
37.8989,36.6267,8.1,4.4,1679550322,2023
38.0905,38.0478,10,4.3,1679514205,2023
37.3664,36.7383,10,4,1679326836,2023
38.0518,37.1955,10,4.3,1679306227,2023
38.0182,36.4817,9.4,4.3,1679230605,2023
38.0441,36.4908,9.7,4.3,1679230464,2023
37.8271,36.3781,4.9,4.3,1679131531,2023
38.0124,36.4342,7.4,4.6,1679116469,2023
38.0328,36.5559,5,4.3,1679017273,2023
36.2858,34.3874,10,4.3,1678996753,2023
37.1397,36.3882,11.7,4.2,1678850995,2023
37.7866,37.3903,10,4.6,1678805389,2023
38.0681,36.9544,3.3,4.6,1678776454,2023
38.1074,38.5417,8.7,3.9,1678760872,2023
36.8216,36.5749,8.3,4.3,1678674194,2023
38.1186,38.6785,10,4.4,1678673633,2023
38.1188,38.6904,5.5,4.6,1678671270,2023
37.9391,36.329,10,4.3,1678624282,2023
36.9506,35.7349,3.7,4.3,1678563316,2023
38.0557,38.6147,14.5,4.3,1678534331,2023
37.9912,37.4971,9,4.1,1678435114,2023
38.6673,35.3344,5,4.8,1678415295,2023
38.0645,38.4618,5.4,4.1,1678404857,2023
38.056,38.4539,10,4.3,1678388128,2023
38.8412,37.3634,10,4.2,1678198701,2023
38.7061,35.3208,7,4.4,1678190019,2023
38.6304,35.2891,10,4.7,1678189648,2023
37.6748,36.6304,5.7,4.4,1678182011,2023
36.1589,36.0428,10,4,1678140897,2023
38.197,37.2109,14.4,4,1678107805,2023
36.2202,36.0072,10,4,1678100576,2023
36.1163,36.1532,20.7,4.2,1678090458,2023
37.9394,37.9123,5,4.1,1678081868,2023
36.1816,36.0375,10,4,1678068962,2023
36.7867,36.1842,10,4.8,1678049386,2023
38.0299,38.2134,2.9,4.2,1677907654,2023
37.8395,36.7004,7.1,5,1677812023,2023
38.2315,38.1119,6.9,3.4,1677764154,2023
37.2659,37.0676,9.4,4.4,1677688679,2023
36.3216,36.1079,35.4,4.6,1677655226,2023
37.759,37.8849,10,4.3,1677644131,2023
37.9545,37.0096,10,4.4,1677637402,2023
37.2808,37.0318,12,4.1,1677627130,2023
37.2341,36.9788,13.3,4.1,1677610304,2023
38.7188,35.3963,10,4,1677597399,2023
37.9074,36.7308,10,4.4,1677595757,2023
37.7893,36.7056,10,4.4,1677595194,2023
37.4289,36.4287,13.3,4.3,1677588136,2023
38.2434,38.2911,10,4.2,1677550740,2023
38.2289,38.2828,10,5.2,1677488691,2023
37.899,37.0499,10,4.8,1677478788,2023
37.8722,37.5853,10,4.7,1677466281,2023
36.0517,36.0193,10,4.5,1677378390,2023
38.0367,37.067,6.7,4.4,1677328873,2023
37.9763,33.9893,10.5,5.2,1677320830,2023
38.3654,37.4414,5.2,4.1,1677315520,2023
36.0592,35.9528,10,4.2,1677287540,2023
38.0934,38.7162,10,4.5,1677270330,2023
35.2752,35.239,10,4.2,1677269443,2023
38.7865,37.3025,10,4.6,1677259200,2023
37.9736,33.9905,10,4.5,1677247320,2023
36.3086,36.0365,10,4,1677217578,2023
36.0589,36.095,10,4.9,1677167627,2023
38.0035,37.7419,10,4.4,1677152504,2023
37.2286,37.0909,10,4,1677122582,2023
38.0438,38.3872,9.1,4.1,1677098168,2023
38.0346,37.7793,10,4.2,1677052615,2023
38.4912,40.3086,11.9,4.4,1677049784,2023
38.0434,36.6529,10,4,1677040803,2023
36.1158,36.1459,10,4.2,1676995608,2023
38.0685,37.43,10.7,4.1,1676980552,2023
37.3992,37.2692,11.1,4.2,1676974177,2023
38.1698,38.4896,5.9,4.2,1676973406,2023
38.0175,37.3695,10,4.3,1676935274,2023
35.9531,35.9447,10,4,1676933813,2023
36.2572,36.1266,10,4.2,1676920160,2023
36.105,35.9906,10,4.2,1676919614,2023
36.2653,36.0798,10,4.6,1676913198,2023
36.159,35.9351,10,5.5,1676912855,2023
36.1588,36.0342,16,6.3,1676912669,2023
38.6473,39.9676,7,4.4,1676864738,2023
38.0151,36.7984,4.3,4.6,1676857739,2023
38.6331,39.9916,5.3,4.4,1676855257,2023
38.6528,39.9381,13.9,4.2,1676854729,2023
38.6937,39.9887,10,4.5,1676853543,2023
38.6255,39.9281,10,4.7,1676853450,2023
38.2676,38.8212,10,4.2,1676851046,2023
37.3919,36.8535,10,3.9,1676842230,2023
38.2354,38.1917,5.3,4.6,1676808273,2023
37.2941,36.8901,11.4,4.3,1676779661,2023
37.2737,36.8291,10,4.2,1676779577,2023
37.1416,36.8384,9.7,4.1,1676779150,2023
38.0406,36.2306,6.4,4.3,1676768171,2023
38.0748,36.6149,11,4.9,1676748691,2023
37.9217,38.1144,9.3,4,1676736881,2023
38.073,37.1651,5.2,4,1676697964,2023
38.1344,38.151,10,3.9,1676661038,2023
38.6273,39.642,10,4.4,1676648078,2023
37.9375,36.3279,6.4,4.4,1676645936,2023
39.1868,40.1479,10,4.6,1676594158,2023
37.8609,37.952,10,4.1,1676591604,2023
36.1766,35.7967,10,5.2,1676576869,2023
37.9197,37.5097,10,4.1,1676565512,2023
38.1997,37.8377,10,4.6,1676558742,2023
35.9643,35.7882,10,4.8,1676546183,2023
38.0841,38.5102,15.4,4.3,1676524736,2023
37.3595,36.8701,13.7,3.9,1676504618,2023
38.0487,36.6395,6.3,4.2,1676499957,2023
37.9606,36.4923,10,4.4,1676446590,2023
38.0945,36.7069,10,4.3,1676442330,2023
36.7937,36.5503,10,4.2,1676419562,2023
38.5302,37.4908,5,4.5,1676416441,2023
38.0955,37.144,2.9,4.3,1676389838,2023
35.5292,35.4049,10,4.3,1676382243,2023
37.8316,37.9533,13,4,1676380387,2023
36.0301,36.1183,26.2,4.4,1676375654,2023
36.781,36.1142,10,4.2,1676339792,2023
38.0051,36.42,7.4,4.6,1676316027,2023
37.8703,36.2865,10,4.2,1676301305,2023
38.0402,38.589,13.4,4.3,1676298497,2023
36.8728,36.6318,9.2,4.5,1676289557,2023
38.0251,36.6342,10,4.3,1676242379,2023
36.0509,35.8611,10,4,1676239326,2023
36.941,36.5031,10,4.3,1676236899,2023
37.2623,37.0849,10,4.3,1676228549,2023
37.3147,37.0025,9.8,4.7,1676226794,2023
38.0789,36.6248,10,4.1,1676222897,2023
38.8272,38.0251,10,5,1676219389,2023
37.8149,36.7003,10,4.4,1676212203,2023
37.9679,38.2961,10,4.6,1676208554,2023
36.7991,36.7677,4.3,4.2,1676204722,2023
38.1339,38.2786,16.8,4.1,1676196025,2023
36.1158,36.3017,10,4.2,1676194343,2023
38.0797,37.3193,7.7,4.4,1676189650,2023
35.5279,35.6189,10,4.1,1676185956,2023
38.1156,38.5843,8.7,4,1676182523,2023
37.9055,37.4792,10,4.1,1676177579,2023
37.796,38.2326,10,4.3,1676176154,2023
38.0249,36.4218,10,4.1,1676158256,2023
36.6384,36.5737,10,4.3,1676154555,2023
37.7557,37.8675,11.4,4.3,1676147944,2023
38.1325,38.732,3,4.3,1676137816,2023
36.266,36.1398,10,4.3,1676136001,2023
37.9428,36.5034,10,4.4,1676126283,2023
38.8519,38.0757,10,4.5,1676120999,2023
38.0902,36.6163,8.7,4.1,1676120098,2023
37.8492,36.67,8.7,4.2,1676116793,2023
36.4869,36.3096,5.4,4.4,1676116301,2023
38.1233,36.6274,13.9,4.3,1676113517,2023
38.0281,38.1329,4.4,4.3,1676106216,2023
37.0598,36.95,4.7,4.6,1676102141,2023
38.0647,36.5778,8.1,4.6,1676096893,2023
37.9256,38.192,10,4,1676095583,2023
37.8165,36.5708,10,4.3,1676090824,2023
37.9489,38.4382,10.3,4.2,1676086704,2023
36.5556,36.5606,10,4.1,1676075083,2023
38.0517,38.5848,10,4.2,1676059967,2023
38.1788,38.5981,4.3,4.1,1676050284,2023
37.8724,36.2907,3.5,4.7,1676048451,2023
38.1976,38.1375,10,4.4,1676023280,2023
38.0757,38.1756,7.3,4.3,1676019769,2023
35.0684,35.2669,10,4.3,1676017048,2023
38.1736,38.1714,10,4.7,1676004624,2023
38.1343,38.2167,10,4.4,1675994622,2023
37.8685,36.631,5.2,4.3,1675993859,2023
36.9763,36.7009,10,4.2,1675980399,2023
37.1885,36.8344,10,4.2,1675979189,2023
38.0264,36.6096,10,4.1,1675971466,2023
36.1764,35.7977,10,4.2,1675968576,2023
38.0746,36.5194,10,4,1675965112,2023
37.9551,37.7052,10,4.3,1675943312,2023
37.2659,36.9198,11.7,4.3,1675939344,2023
39.1974,40.1831,10.6,4.3,1675937946,2023
38.0605,38.6406,12.4,4.3,1675936015,2023
38.0799,36.5452,9,4.2,1675929426,2023
37.9959,36.5936,5.4,4.3,1675928527,2023
36.9565,36.6655,12.6,4.6,1675927097,2023
37.8752,37.6589,14.9,4.1,1675925391,2023
38.1849,38.1997,15.5,4.3,1675921054,2023
38.0679,36.6086,8.6,4.4,1675920266,2023
38.0951,38.4712,16,4.3,1675917285,2023
37.9616,36.3641,10,4.3,1675916300,2023
37.9889,38.5654,14,4.3,1675914739,2023
36.8136,36.4252,10,4.3,1675913095,2023
37.8831,37.7147,8.2,4.5,1675907059,2023
38.4984,40.4216,8.8,4.4,1675906693,2023
38.3957,39.284,14.8,4.2,1675902736,2023
38.512,40.4236,13,4.2,1675899601,2023
38.2135,38.1703,10,4,1675895809,2023
38.1972,38.1247,10,4.5,1675887126,2023
36.3313,36.0996,10,4.2,1675885691,2023
38.0531,36.5409,10,4.5,1675883119,2023
37.5096,37.116,10,4.4,1675881312,2023
38.0244,37.1589,10,4.4,1675875340,2023
37.821,36.599,1.5,4.3,1675871398,2023
38.0391,36.953,10,4.3,1675868683,2023
38.0396,38.5055,16.1,4.3,1675868151,2023
38.0953,36.6525,11.7,4.4,1675867341,2023
38.0015,37.4307,4.5,5.1,1675866024,2023
38.8457,37.2766,10,4.1,1675858316,2023
38.0802,36.8835,10,4,1675856241,2023
37.9367,37.6179,3.5,4.5,1675855440,2023
37.9368,37.6607,9,5.4,1675854712,2023
38.0268,37.7704,10,4.1,1675854019,2023
37.1554,37.0022,6.6,4.4,1675851983,2023
38.0337,36.5009,10,4.4,1675849931,2023
36.6565,36.5077,10,4.3,1675847587,2023
37.9346,37.7598,14.7,4.1,1675845936,2023
38.0061,36.4959,10,5,1675842511,2023
36.3294,36.2424,10,4.1,1675841025,2023
36.2177,36.2025,10,4.5,1675836540,2023
37.9558,38.313,10,4.4,1675836514,2023
38.0593,36.7087,10,4.2,1675835557,2023
37.0315,36.7208,10,4.3,1675825262,2023
37.1601,36.6433,10,4.1,1675824957,2023
37.8743,38.1258,10,4.3,1675823112,2023
38.0835,37.1939,14.2,4.1,1675815115,2023
36.0927,35.8637,10,4.5,1675811582,2023
38.0992,36.5507,6.1,4.2,1675809927,2023
38.0663,36.5541,12.6,4.2,1675807674,2023
37.4201,36.9564,12.6,4.1,1675807134,2023
37.924,37.5023,3.7,5,1675804885,2023
38.6088,39.97,10,4.6,1675799663,2023
38.0923,36.953,0.7,4.4,1675797228,2023
37.8659,38.2929,26.8,4.4,1675793648,2023
37.9617,36.6031,24.9,5.3,1675793400,2023
37.9967,36.4421,6.9,4.2,1675792430,2023
37.8968,37.6169,17.2,4.2,1675791480,2023
37.9421,37.323,17,4.1,1675788871,2023
36.0086,35.9967,10,4.2,1675788807,2023
37.9939,36.4771,11.1,5,1675784934,2023
37.3758,37.1447,10,4.7,1675783888,2023
38.0426,36.5803,10,4.4,1675779797,2023
36.0984,35.8449,10,4.5,1675777001,2023
38.1924,38.2586,10,4.4,1675771624,2023
37.8437,36.8362,10,4.4,1675767390,2023
38.1343,38.1199,10,4.6,1675765651,2023
38.0026,38.5474,10,5.4,1675765093,2023
37.8817,37.5278,10,4.5,1675758346,2023
36.5556,36.4398,10,4.3,1675756463,2023
38.0311,37.5813,16.2,4.4,1675754796,2023
38.0971,38.6398,9.1,5.4,1675753875,2023
38.3125,37.5785,5.8,4.6,1675752531,2023
38.0324,36.4486,6,4.6,1675752053,2023
37.3357,36.8762,7.5,4.2,1675751171,2023
38.0668,38.1413,17.7,4.1,1675750523,2023
36.1531,36.3488,13.7,4.4,1675747590,2023
36.7874,36.6255,10,4.4,1675744923,2023
37.9045,37.4239,10,3.9,1675743402,2023
37.6847,37.4092,10,4.2,1675742878,2023
37.507,37.227,10,4.2,1675742336,2023
36.2667,36.226,10,4.3,1675741020,2023
37.7327,37.6237,10,4.3,1675740601,2023
37.6089,37.3755,10,4.6,1675739776,2023
37.7639,37.7309,10,5.5,1675739592,2023
37.955,37.6397,10,4.7,1675739337,2023
37.259,37.2349,10,4.4,1675738974,2023
38.0387,36.5733,10,4.4,1675738409,2023
35.9675,35.9852,10,4.8,1675738057,2023
38.1044,36.9078,10,4.4,1675737807,2023
38.6041,37.5154,15.3,4.2,1675737543,2023
38.0263,37.5108,10,4.1,1675736900,2023
37.4326,37.0521,10,4.4,1675733669,2023
37.8198,36.5897,10,4.4,1675733520,2023
38.0839,36.7587,10,4.2,1675733358,2023
38.0398,36.4635,10,4.4,1675732687,2023
37.8431,36.6148,10,4.2,1675729216,2023
35.6037,35.3598,10.9,4.5,1675726154,2023
37.9823,37.4015,10,4.2,1675725210,2023
37.9341,36.6247,11.2,4,1675724127,2023
38.0613,36.5637,13.2,4.2,1675723494,2023
38.0444,36.4089,6.3,4.5,1675722579,2023
37.9513,37.4226,16.6,4.3,1675722379,2023
38.1849,38.1676,11.8,4.4,1675721496,2023
38.0814,36.8993,10.2,4.1,1675721391,2023
38.0327,36.5874,10,5,1675720663,2023
38.072,37.034,10.2,4.9,1675718118,2023
36.7444,36.4904,19.6,4.5,1675717326,2023
37.8225,36.3066,10,4.2,1675716841,2023
38.2114,38.2502,10,5,1675716804,2023
36.1512,36.1819,10,4.3,1675716342,2023
38.005,36.5835,10,5,1675716240,2023
38.2636,37.9916,10,4.9,1675716006,2023
37.2588,37.1017,10,5.3,1675715871,2023
38.0883,38.6826,10,4.2,1675714992,2023
37.9692,36.4978,6.7,4.3,1675714451,2023
37.8938,37.6388,14.7,4.3,1675714309,2023
38.0037,36.3598,10,4.7,1675713934,2023
38.0943,36.6411,10,4.3,1675712980,2023
38.0411,38.1815,4,4.6,1675712416,2023
37.47,37.1512,10,4.4,1675712150,2023
38.0639,37.3554,10,4.4,1675711860,2023
37.8654,36.6695,10,4.5,1675711501,2023
37.9837,36.3864,10,4.4,1675710947,2023
38.0411,37.3398,10,4.1,1675710751,2023
37.9638,38.1516,10,4.2,1675709752,2023
36.9732,36.9234,10,4.3,1675709478,2023
36.8613,36.8082,10,4.2,1675709394,2023
38.2057,38.1357,15.6,4.2,1675709329,2023
37.978,36.4468,10,5.2,1675706633,2023
38.1202,36.5119,10,4.4,1675706564,2023
38.0854,37.8589,10,4.5,1675705609,2023
37.0998,36.7471,10,4.5,1675704694,2023
38.0771,36.7158,10,4.7,1675704384,2023
38.1248,36.5126,10,4.1,1675704122,2023
37.9161,37.358,10,4.3,1675703507,2023
38.0112,37.4148,9.2,4.5,1675702535,2023
37.9548,36.5112,10,5,1675701809,2023
38.2352,39.117,10,4.5,1675701318,2023
36.6625,36.4828,10,4.9,1675701131,2023
37.4633,36.981,5.2,4.7,1675700888,2023
38.049,36.4154,10,4.6,1675700839,2023
38.0385,36.5982,10,4.8,1675700799,2023
37.9826,36.8994,10,4.6,1675700775,2023
38.0666,36.4607,10,4.2,1675700701,2023
38.0189,36.5048,3.8,4.1,1675700564,2023
38.0912,36.433,10,4.1,1675700506,2023
36.1064,35.7822,10,4.5,1675699843,2023
37.9972,36.9911,10,4.3,1675699602,2023
38.0709,37.5505,10,4.2,1675699167,2023
37.868,37.8519,15.6,4.3,1675698764,2023
38.19,38.1756,7.4,5.4,1675697612,2023
37.8789,37.7345,10,5.4,1675696474,2023
38.0486,37.825,10,4.4,1675695466,2023
38.0706,38.404,10,4.4,1675695075,2023
38.1827,37.7538,10,4.5,1675694517,2023
38.0365,37.8572,10,4.5,1675693987,2023
37.9977,36.4927,10,4.7,1675693797,2023
36.8097,36.5387,10,4.5,1675693663,2023
37.8654,37.3406,21.4,4.4,1675693038,2023
37.7257,37.385,10,4.5,1675692609,2023
37.9944,36.4533,10,4.4,1675692289,2023
38.2218,37.8545,10,4.3,1675692188,2023
38.0588,36.4642,10,4.3,1675691930,2023
37.9405,37.4916,16.9,5,1675691091,2023
38.0166,37.7013,10,5.3,1675690764,2023
36.3454,36.4775,10,4.2,1675690568,2023
37.9231,37.5399,15.7,4.2,1675690395,2023
38.2874,38.3812,10,4.3,1675690337,2023
36.3959,36.3691,10,4.5,1675690299,2023
38.0367,37.3789,10.8,4.4,1675689721,2023
37.9951,36.3843,10,4.9,1675689462,2023
37.8769,37.8935,16.6,4.5,1675689242,2023
37.9077,36.5237,10,4.8,1675689147,2023
38.0104,36.6564,10,4.7,1675689116,2023
36.2061,36.2521,10,4.6,1675688961,2023
38.0778,37.3746,18.8,5,1675688865,2023
37.9553,37.261,17.9,4.5,1675688798,2023
38.0086,37.4892,16.5,4.6,1675688598,2023
38.1094,36.691,10,4.5,1675688418,2023
37.8533,36.688,12.7,4.6,1675688081,2023
38.0382,36.8659,13.9,4.3,1675687681,2023
38.0025,38.1506,15.1,4.7,1675686998,2023
38.0972,38.2339,14.5,4.9,1675686883,2023
37.9345,38.0571,16.5,4,1675686768,2023
37.8798,37.4824,16.2,4.2,1675686700,2023
38.0621,36.4541,8.2,4.4,1675686078,2023
37.9248,37.3761,17.8,4.7,1675685628,2023
38.0169,36.4016,8.3,4.4,1675685252,2023
38.0546,36.5099,8.1,6,1675684931,2023
38.0509,37.5686,15.4,4.7,1675684717,2023
38.0599,36.6805,7.1,4.3,1675684557,2023
38.016,37.7225,16.8,4.5,1675684282,2023
37.9721,36.3402,5.7,4.5,1675684204,2023
38.1471,38.0506,16.5,4.3,1675683849,2023
38.0622,36.5678,11.4,4.8,1675683581,2023
37.9417,37.351,17.7,4.5,1675683328,2023
38.1794,37.955,12,4.1,1675683044,2023
37.9264,36.9995,18.1,4.2,1675682913,2023
37.9321,38.246,13.1,4.3,1675682881,2023
38.0274,37.7493,15.6,4.1,1675682424,2023
37.8888,37.346,18.9,4.9,1675681901,2023
38.0752,36.7588,6,5.1,1675681535,2023
38.0723,36.6628,15.3,4.2,1675681478,2023
37.8259,37.4436,13.8,4.8,1675681296,2023
38.1236,38.0529,12.3,5.7,1675680690,2023
38.0084,37.7505,10,5.8,1675679758,2023
38.0302,37.9636,20.1,6,1675679208,2023
38.0235,37.203,10,7.5,1675679089,2023
37.448,36.866,10,4.3,1675676177,2023
36.8868,36.4918,10,4.6,1675675425,2023
37.7068,37.9839,10,4.5,1675675260,2023
38.054,38.2569,15.3,4.5,1675673915,2023
37.449,37.2334,10,4.8,1675673557,2023
36.6629,36.477,10,4.5,1675670506,2023
37.8608,38.086,10,4.6,1675669274,2023
36.7072,36.6722,13.4,4.6,1675667311,2023
37.6414,37.3835,10,4.8,1675666497,2023
37.483,37.1811,10,4.6,1675664789,2023
36.5684,36.0133,10,4.6,1675664770,2023
37.9912,38.4376,16.5,4.5,1675662951,2023
36.3185,36.2325,10.6,4.6,1675661793,2023
38.1466,37.9304,10,4.4,1675661483,2023
37.7548,37.9481,10,4.4,1675660970,2023
37.7637,37.9099,20.2,4.6,1675659711,2023
37.4609,37.1603,16.2,4.5,1675659365,2023
36.7176,36.4733,10,4.5,1675658877,2023
37.7907,37.4444,17,4.3,1675658387,2023
36.3649,36.4413,10,4.4,1675657883,2023
37.2919,36.8854,12.9,4.3,1675657862,2023
37.555,37.2001,13.4,4.1,1675657485,2023
38.1845,38.5342,16.4,5,1675657126,2023
37.5236,37.2784,11.8,4.5,1675657009,2023
38.1847,38.6102,10,4.4,1675656857,2023
37.0844,36.9133,12.1,4.2,1675656356,2023
37.7658,37.4588,10,4.1,1675656315,2023
37.8315,37.3919,5,4.4,1675656262,2023
36.6427,36.426,10,4.3,1675655899,2023
37.3982,36.8946,10,4.2,1675655710,2023
37.7604,37.4251,14.5,4.3,1675655640,2023
38.1656,38.65,16.4,4.8,1675655148,2023
37.2442,37.1335,15.7,4.3,1675654888,2023
38.2368,38.5132,9.2,4.2,1675654539,2023
37.0297,36.7506,10,4.2,1675654200,2023
38.0773,38.5775,16.8,4.4,1675654125,2023
37.9268,37.8357,5.9,4.4,1675653870,2023
38.1446,38.558,12.5,4.3,1675653764,2023
37.733,37.4257,10,4,1675653555,2023
38.0715,38.4951,17.3,4.3,1675653376,2023
37.5003,37.3267,3.6,4.5,1675653131,2023
37.7127,37.8001,16.1,4.4,1675653020,2023
38.1742,38.482,16.7,4.7,1675652685,2023
37.9204,37.7822,10,4.4,1675652538,2023
38.1475,38.435,14,4.1,1675652474,2023
38.8063,38.8222,13.3,4.4,1675652211,2023
36.7084,36.3519,10,4.7,1675652040,2023
38.5461,40.4563,12.9,4.2,1675651934,2023
36.8497,36.3895,10,4.2,1675651427,2023
37.8697,38.3908,10,4.2,1675651124,2023
37.0822,37.0363,10,4.7,1675650891,2023
37.4941,37.2266,14.6,4.3,1675650858,2023
38.1084,38.495,17.9,4.4,1675650808,2023
37.5639,37.1467,17.4,4.5,1675650728,2023
37.4137,36.8216,12.1,4.5,1675650686,2023
37.4292,36.9502,8,4.1,1675650523,2023
37.1816,36.9658,11.4,5.3,1675650194,2023
37.4358,37.0658,14.3,4.2,1675650080,2023
37.1024,36.7301,12.2,4.8,1675649860,2023
37.4468,37.0449,10,4.2,1675649769,2023
37.2863,36.8539,10,4.2,1675649620,2023
37.9265,38.2237,16.7,4.1,1675649508,2023
38.1562,38.5195,14.3,4.4,1675649416,2023
37.9123,38.1388,10,5,1675649183,2023
37.7712,37.9141,16.9,5.3,1675649017,2023
37.3512,37.095,10.5,4.8,1675648905,2023
37.7238,37.8026,16.2,4.5,1675648878,2023
37.0302,36.6208,10,5.1,1675648703,2023
37.2073,36.5988,10,4.4,1675648541,2023
36.3603,36.1708,10,4.4,1675648476,2023
37.4756,37.1578,7.4,4.7,1675648303,2023
38.2291,38.7493,14.8,4.8,1675648210,2023
37.9874,38.1051,10,4.9,1675648092,2023
38.6055,40.5767,11.4,4.6,1675648063,2023
37.9786,38.5121,14.4,4.6,1675647675,2023
36.6696,36.4767,10,4.7,1675647648,2023
36.9921,36.6832,10,5.6,1675647387,2023
37.1784,36.9468,10.7,6.7,1675646895,2023
37.2241,36.9749,10,5.7,1675646810,2023
37.2251,37.0209,10,7.8,1675646254,2023
37.2003,36.4998,10,4.2,1675422309,2023
35.7692,35.7431,10,4.3,1675008758,2023
36.9911,36.1694,10,4.1,1674048647,2023
38.4311,39.156,10,4.7,1673753788,2023
35.5003,36.6702,10,4.4,1673556048,2023
37.098,37.1039,22.6,4.1,1671816211,2022
36.392,36.4912,10,4.6,1671387189,2022
37.4183,37.142,10,4.1,1666286043,2022
37.3677,37.2943,10,4.3,1666265699,2022
38.3093,39.0573,10,4,1666063882,2022
37.2671,36.284,10,5,1665503326,2022
35.0454,31.9202,35.7,4.5,1661892151,2022
37.4826,37.0408,10,4.2,1660362646,2022
37.3656,37.0524,10,4,1658815860,2022
39.1434,37.7879,8.1,4.4,1656529475,2022
38.2131,38.7501,10,4,1649605784,2022
38.1132,38.6607,10,5.3,1649512935,2022
37.4062,35.1184,10,4.2,1648791245,2022
38.1754,38.4545,7.9,4.2,1647261499,2022
35.0634,31.8203,26.4,5.3,1643835828,2022
37.9265,32.098,10,4.5,1643621436,2022
39.1661,40.1204,10,4.7,1643590196,2022
35.0951,31.9265,10,4.9,1643342263,2022
39.0468,35.9025,10,5.1,1642462137,2022
35.2331,31.9468,21,6.6,1641863268,2022
38.1843,38.7856,7,4.8,1636708755,2021
37.8413,32.1727,10,5.1,1636393401,2021
38.9189,35.667,10,4,1628080696,2021
39.289,40.3319,10,4.1,1627475234,2021
37.1114,36.4369,10,4.6,1627246506,2021
37.064,36.4077,10,3.3,1627235849,2021
38.945,35.6174,7,4.1,1626680383,2021
38.9438,35.6909,10,4.1,1626679973,2021
38.4859,39.6011,10,4.1,1624938117,2021
39.1823,40.1726,7.3,5.4,1624645717,2021
37.5745,36.1435,10,4.2,1622614469,2021
35.0925,32.6833,51.5,4.4,1622442219,2021
39.1136,36.0539,10,4.3,1612735278,2021
39.0993,36.0949,10,4.5,1612224165,2021
35.0489,33.7163,62.9,5,1611239226,2021
38.3881,39.2457,10,4.2,1610875446,2021
38.2698,39.0769,5,4.4,1609683455,2021
38.4605,39.2345,9,5.5,1609051052,2020
38.4297,39.2157,10,4.1,1608980960,2020
36.5155,36.1143,10,3.4,1607541736,2020
37.0705,34.4652,57.2,4.1,1607218625,2020
36.0777,31.8657,80.9,5.3,1607172280,2020
35.223,36.9085,13.6,4.4,1606744025,2020
38.1793,38.6406,10,4.6,1606465676,2020
38.1232,34.0726,10,4.4,1600909286,2020
38.0192,34.0381,10,5.2,1600628887,2020
37.0319,35.8558,10,4.4,1600507806,2020
38.6773,38.0409,5,4.2,1600412045,2020
38.1581,38.6401,5,4.2,1599577577,2020
38.1737,38.676,10,4.2,1599568742,2020
38.0618,38.7769,10,4.7,1599561849,2020
38.2374,38.7315,10,4.5,1596566404,2020
38.2287,38.7559,10,4.3,1596555061,2020
38.2706,38.8458,10,4,1596546619,2020
38.194,38.7029,10,5.6,1596533857,2020
38.2224,38.7249,5.6,4,1595101977,2020
37.3676,36.3699,10,4,1595021543,2020
35.5678,40.594,10,4.2,1594938809,2020
38.1679,38.5587,10,4,1594247967,2020
38.1382,38.5409,10,4.1,1594241875,2020
35.6505,40.5391,10,4.3,1594076087,2020
37.4927,38.5867,10,4.2,1592383635,2020
38.2379,38.7587,10,5.2,1591380381,2020
38.3148,39.0299,10,4.2,1588512326,2020
38.417,39.173,10,4.3,1588236336,2020
35.8341,35.545,10,4.5,1586938718,2020
35.8628,35.525,10,4.6,1586936405,2020
35.8397,35.4944,10,4.2,1586903876,2020
35.9384,35.49,12.7,4.7,1585937742,2020
38.3915,39.0729,10,5.2,1584640413,2020
37.4505,36.121,10,4.2,1584268533,2020
38.1972,38.8481,5,4.1,1583160772,2020
38.3449,39.2773,10,4.5,1582979388,2020
38.2294,38.685,10,4.6,1582769326,2020
38.3489,38.7972,10,5,1582671817,2020
38.3417,39.1144,10,4.3,1581939735,2020
38.2572,38.6898,7,4,1581871233,2020
38.4874,39.1359,10,4.3,1580768384,2020
38.3727,39.2739,10,4.2,1580515431,2020
38.4961,39.3382,10,4.7,1580513571,2020
38.3425,39.156,5,4.3,1580141522,2020
38.2467,38.7957,10,4.4,1580005369,2020
38.3906,39.177,10,4.4,1579970820,2020
38.3483,39.1488,10,4.3,1579970642,2020
38.3615,39.1096,10,5.1,1579969811,2020
38.2019,38.7768,10,4.5,1579947299,2020
38.2892,38.8341,10,4.3,1579945175,2020
38.3409,39.2769,10,4.5,1579941604,2020
38.2318,38.7294,10,4.2,1579940475,2020
38.3075,39.1257,3.5,4.4,1579932454,2020
38.3425,39.1165,10,4,1579913839,2020
38.4605,39.1847,10,4.2,1579913332,2020
38.3109,39.1169,10,4.1,1579903296,2020
38.4257,39.1157,10,4.3,1579898706,2020
38.3608,39.0961,10,4.2,1579898533,2020
38.4237,39.1443,10,4.3,1579895380,2020
38.2696,38.7109,10,4.4,1579892588,2020
38.5045,39.205,10,4.3,1579892432,2020
38.4263,39.0449,10,4.3,1579891404,2020
38.4178,39.0847,10,4.4,1579890757,2020
38.4264,39.1881,10,4.8,1579889287,2020
38.4312,39.0609,10,6.7,1579888514,2020
35.6228,32.1162,66.7,4.2,1577497718,2019
38.2975,39.0277,10,4.9,1577430147,2019
37.6256,35.8158,12.4,4.5,1574602403,2019
39.254,40.1372,10,4.3,1567439196,2019
38.2621,40.9106,9.8,4.1,1565616868,2019
37.2454,36.0319,20.6,4.1,1564002203,2019
36.2782,35.9639,10,3,1555359058,2019
38.6972,38.0712,10,4.5,1555303291,2019
38.7376,38.0875,10,4.2,1554745101,2019
38.3002,39.1625,10,5.2,1554399070,2019
38.715,38.0944,10,3.9,1553746765,2019
38.69,38.0702,10,4.6,1553513366,2019
38.7108,38.0339,10,4.4,1553147470,2019
36.0449,35.8699,10,4,1550640923,2019
37.1561,35.7871,10,4.5,1549110037,2019
35.2743,33.1567,51.5,3.8,1543796177,2018
37.3958,35.8992,10,4.3,1539162504,2018
37.6699,37.3967,5,4.6,1538494145,2018
37.2897,36.364,10,5.1,1534692134,2018
37.4194,36.3668,10,4.2,1533366570,2018
37.0034,36.0799,6.5,4.3,1533047765,2018
37.5963,38.5142,10,5.2,1524530071,2018
37.0993,31.9276,10,4.3,1523887941,2018
37.0957,31.9506,10,4.2,1523642148,2018
37.158,31.9355,10,4.8,1523639640,2018
39.0277,40.3055,10,4.3,1520382834,2018
38.1445,38.8277,14.7,4.2,1516369996,2018
37.5878,37.5603,5.5,4.3,1503030602,2017
38.2847,37.1456,10,4,1490738011,2017
38.5214,39.7883,8.7,4.5,1490020786,2017
37.616,38.4305,10,5.6,1488452846,2017
37.059,36.0706,2.3,4.6,1488056764,2017
35.5523,32.3981,75.5,4.4,1484343811,2017
38.629,38.0224,11.9,4,1471396026,2016
35.2548,39.0853,27.2,4.4,1469722413,2016
39.0702,40.8564,10,4.3,1465585020,2016
36.94,35.89,10,4.3,1459460002,2016
35.42,32.54,70,4.1,1458656590,2016
39.0192,35.8528,4.5,4.1,1455782209,2016
38.7613,37.8137,10,4.2,1454422878,2016
35.133,33.1961,20.6,4,1449860066,2015
38.8387,37.875,5,4.4,1449651813,2015
39.1998,40.2894,10,4.5,1449530839,2015
39.26,40.22,5,4.4,1449243460,2015
39.2732,40.2855,10,4.3,1449102988,2015
39.2826,40.2553,10,5.4,1449098829,2015
38.8236,37.7358,10,4.9,1448756891,2015
38.8573,38.2503,3.9,3.9,1445834609,2015
38.179,38.921,8.8,4,1443906483,2015
39.18,40.28,5,4.5,1441586257,2015
37.304,36.9733,6.5,4.2,1440630104,2015
36.5646,34.9787,29.6,4.9,1438207255,2015
36.0495,35.9713,11.8,4.4,1423540914,2015
37.4375,36.3148,6.9,4.4,1421954866,2015
37.0948,36.8433,8.8,4.2,1420742686,2015
36.9697,34.3995,5.4,4.3,1420582604,2015
35.3715,35.6011,10,4.1,1411370736,2014
39.09,38.78,10,4.1,1411181580,2014
35.1228,33.9098,54.6,4.2,1404146122,2014
35.813,32.06,71,4.5,1403209847,2014
36.7453,36.0505,17.6,4.6,1402285114,2014
36.061,32.098,85.4,4.1,1398485071,2014
38.1,38.63,10,4.4,1395842416,2014
38.3944,31.8096,21.9,4.2,1394533413,2014
36.785,35.175,6.7,4.1,1393734357,2014
37.422,36.382,6.3,4.4,1393083726,2014
36.74,36.08,10,4.7,1392338020,2014
37.3093,36.2033,3.4,4,1389360046,2014
35.7187,32.0285,6.4,3.7,1389245136,2014
35.4356,31.8905,70.2,4.1,1385121624,2013
37.4222,36.217,5.4,4.4,1383806368,2013
36.2912,34.3423,5,4.5,1382531062,2013
36.935,35.613,24.9,3.7,1374956033,2013
36.03,35.89,17.4,4,1374798175,2013
38.094,37.108,5.3,4.2,1371414698,2013
37.306,37.147,7.4,4,1367865197,2013
37.309,37.125,5.3,4.3,1366930455,2013
37.315,37.149,3.4,3.4,1366500189,2013
35.992,34.583,17.5,4.1,1362309744,2013
37.857,37.942,5,4.1,1357625703,2013
37.874,37.989,5,4.4,1357625106,2013
37.508,35.715,6.6,4.2,1356858675,2012
37.301,36.273,11.2,4.2,1355275093,2012
37.31,37.12,12,4.3,1352851319,2012
37.27,37.11,13,4.5,1352850948,2012
37.297,37.135,14,4.6,1350383104,2012
37.002,37.108,9.2,4.5,1350350162,2012
37.313,37.136,8.6,4.1,1348096506,2012
37.309,37.097,7,4.9,1348046266,2012
37.438,35.768,18.5,4.4,1347782055,2012
37.329,37.085,3.5,4.1,1347098466,2012
37.546,36.384,7.6,5,1342949162,2012
38.118,38.596,5,4.4,1337944958,2012
36.041,33.731,5,4,1336026265,2012
38.493,40.743,5,4.7,1335583024,2012
36.926,37.046,8.4,4,1333537516,2012
38.653,37.457,3.1,4.7,1329390063,2012
39.047,35.938,5,4.1,1321937437,2011
37.992,35.217,5,4.5,1317415214,2011
37.381,36.33,6.8,4.2,1315402218,2011
39.08,35.9,5,4.1,1313481210,2011
38.561,39.667,5,4.1,1312427587,2011
38.32,31.957,10,4.8,1311760695,2011
37.412,35.875,5.5,4.5,1309376885,2011
38.578,39.64,6.1,5.2,1308814482,2011
37.47,35.584,10.4,4.5,1303536131,2011
39.24,40.413,10,4.3,1299398320,2011
37.312,36.415,5.3,4.5,1289904632,2010
36.585,36.007,2.6,4.9,1289776105,2010
38.068,39.035,7,4.7,1284718625,2010
37.546,35.592,6.5,4.4,1280986273,2010
34.987,32.885,35,4.5,1280246863,2010
38.821,40.138,4.5,5.1,1269439891,2010
38.882,40.257,5,4,1268119283,2010
38.741,40.136,5,4.1,1268115297,2010
38.677,40.05,10,4.9,1268060694,2010
38.776,40.143,5,5.1,1268046730,2010
38.828,40.119,5,5.2,1268043263,2010
38.761,40.062,5,4.9,1268038846,2010
38.736,40.076,5.1,4.6,1268035881,2010
38.709,40.051,10,5.6,1268034461,2010
38.87,40.232,5,4.4,1268018424,2010
38.864,39.986,12,6.1,1268015554,2010
36.064,31.833,83,4.5,1257563621,2009
37.936,32.438,5.4,4.9,1252634310,2009
37.953,32.483,5,4.9,1252607392,2009
37.546,35.694,6.5,4.5,1248414499,2009
38.236,38.765,5,4.3,1246982221,2009
36.047,36.02,10.4,5,1245212952,2009
37.096,36.313,5.6,4.6,1232178326,2009
38.84,35.521,6.3,3,1230249014,2008
38.841,35.524,10,5.1,1226498598,2008
35.548,33.948,55,3.5,1224428881,2008
35.096,33.924,19,3,1220991144,2008
37.467,38.543,10,4.3,1220568872,2008
35.063,33.116,42,3.1,1220465194,2008
37.553,38.474,8,3.3,1220408717,2008
37.507,38.503,5.7,5,1220408567,2008
37.481,35.767,35,3.6,1219679489,2008
35.095,32.936,10,3.2,1219426388,2008
37.711,37.463,5,4.4,1219230098,2008
35.516,32.067,51,3.3,1217463019,2008
34.991,33.565,41,3.4,1215152028,2008
34.997,31.992,20,3.4,1213839584,2008
36.691,35.933,5,3.6,1213835071,2008
37.426,35.204,6.6,3.3,1211702569,2008
36.667,36.552,12.2,4,1209784853,2008
35.818,34.604,10.7,3.6,1207372646,2008
35.115,33.816,54,3.2,1205406244,2008
35.121,32.936,51,3.1,1205387950,2008
35.078,33.841,35,3.1,1205362498,2008
35.074,33.858,46,3.2,1204829064,2008
34.982,32.669,46,3.3,1203713221,2008
35.069,32.341,30,3.1,1202330946,2008
36.366,40.956,10,4.4,1201226913,2008
37.569,35.743,5,4.1,1199146901,2008
37.506,35.738,5,4.1,1198454108,2007
37.025,32.407,3.1,3.6,1198431846,2007
37.051,34.658,5,3.6,1198108269,2007
37.039,34.663,7.2,3.4,1198108146,2007
37.021,34.564,7.5,3.3,1198007377,2007
38.261,39.296,5,3.5,1197669551,2007
38.827,33.051,5,4.9,1197569178,2007
35.174,33.275,66,3,1196096291,2007
37.559,35.554,11.3,3.1,1195858128,2007
35.955,31.801,40,3.5,1193859358,2007
35.982,32.116,25,3,1193176154,2007
38.392,39.202,5,3.2,1192436731,2007
35.051,31.971,15,3.2,1192208843,2007
37.831,36.977,6.2,4.5,1189898928,2007
37.869,36.986,5,4.6,1189834011,2007
35.71,33.757,56,3.2,1188059270,2007
35.069,32.389,19,3,1188007090,2007
38.139,37.434,5,4.4,1187923989,2007
35.167,32.275,20,3.1,1187794403,2007
38.77,32.573,4.8,4.2,1185466026,2007
35.048,33.189,54,4,1185442098,2007
35.4,40.338,10,4,1182121284,2007
35.1,33.4,51,3.1,1181178427,2007
37.314,33.284,6.4,4.5,1179530864,2007
37.532,35.709,6.5,3.9,1179183829,2007
36.386,35.634,7.6,3.8,1178975200,2007
35.979,31.954,11,3.4,1177947573,2007
38.371,39.173,5,3.1,1177272514,2007
38.304,39.308,5,4.3,1176525037,2007
38.012,35.236,5,3,1175434946,2007
39.1,40.43,5,4,1173702797,2007
38.352,39.304,3.6,3.7,1173656127,2007
36.557,35.876,6.3,3.8,1173643907,2007
39.076,40.393,5,4.5,1173482693,2007
39.031,40.344,5,3.8,1173358677,2007
39.068,40.409,5,4.7,1173357339,2007
38.049,38.761,5,3.9,1173226654,2007
38.416,39.26,7.6,3.2,1173099038,2007
38.404,39.219,5,3.2,1172744123,2007
38.369,39.258,5,3.3,1172743359,2007
38.4,39.2,5,4.7,1172705265,2007
38.316,39.214,7,3.9,1172693290,2007
38.164,39.312,10,4.8,1172692533,2007
38.47,39.021,10,3.5,1172416474,2007
38.41,39.229,5.7,3,1172409892,2007
38.287,39.218,10,3.8,1172232722,2007
37.451,35.849,16.6,4,1172177366,2007
38.39,39.06,6.9,3,1172140125,2007
38.318,39.275,6,5.7,1172055928,2007
38.279,39.266,10,4.4,1171216303,2007
38.405,39.119,2.3,4.1,1171165380,2007
38.39,39.043,2.6,5.5,1170987775,2007
38.046,38.762,5,4,1170526947,2007
36.946,35.419,27.4,3.6,1170486180,2007
37.143,33.417,7.6,3.3,1170224912,2007
38.418,40.216,5.5,4.9,1169799635,2007
35.357,32.267,25,3,1169042853,2007
37.178,36.65,4.9,3.1,1168520600,2007
37.133,36.092,20.5,3.9,1168168235,2007
38.03,38.78,5,4.2,1167866227,2007
38.599,37.439,5,3.2,1167725918,2007
37.544,37.451,4,3.7,1167095033,2006
38.608,39.565,5,3.9,1167013345,2006
37.096,36.233,9,3.1,1167002531,2006
36.881,34.743,25,3.7,1166990088,2006
38.293,38.832,6,3,1166985439,2006
38.935,35.163,9.4,3,1166958990,2006
39.027,39.868,5,3.1,1166929519,2006
37.908,37.865,10,3.6,1166886800,2006
35.288,33.847,35,3.3,1166819099,2006
37.758,37.535,6.7,3,1165311236,2006
37.074,36.163,12.8,3.6,1164375221,2006
36.296,32.126,30,3,1164135757,2006
37.212,36.244,6.8,3.2,1162282881,2006
35.918,31.778,25,3.4,1161582389,2006
35.855,31.808,25,3.6,1160911871,2006
35.824,35.6,39,4.5,1160370094,2006
36.85,32.316,16.3,4.2,1159522929,2006
36.795,32.394,18.7,3.9,1159522220,2006
35.947,35.772,21.6,4.2,1158625732,2006
38.732,35.737,14,3.1,1158229523,2006
35.419,34.506,25,3,1157903411,2006
37.016,38.945,6.5,3,1155724737,2006
35.304,33.648,25,3.1,1155224074,2006
38.406,39.356,10.4,4,1155188717,2006
35.704,32.388,25,3,1155166986,2006
38.65,35.184,7.5,3,1154613508,2006
37.507,38.684,6.9,3.9,1153782297,2006
35.172,33.176,52.1,3.2,1153594642,2006
38.034,38.178,9.6,4.1,1153418870,2006
37.836,33.888,5,3.9,1152818257,2006
35.749,32.277,19,3.1,1152807649,2006
37.842,33.832,29.1,3.5,1151995136,2006
39.274,40.96,3,5,1151869179,2006
38.995,35.827,8,3.4,1151625952,2006
38.674,35.843,8,3,1151566772,2006
37.12,37.233,6,3.2,1151311741,2006
36.571,36.684,32,3.3,1151307893,2006
38.615,40.116,31.7,3.2,1149506470,2006
35.143,32.717,68,3.4,1149385469,2006
39.151,40.362,10,4.4,1149345627,2006
35.945,33.397,25,3.2,1148316220,2006
38.065,34.624,15.8,3.2,1146465932,2006
38.664,35.687,13.4,3,1146055214,2006
37.493,36.804,15.6,3.9,1145764829,2006
37.523,36.223,12.7,3.3,1145107745,2006
38.581,38.863,4.9,3.8,1144840445,2006
37.333,34.719,1,4,1144338781,2006
38.501,31.817,27.3,4.1,1143814398,2006
35.252,35.427,27.3,5,1143669915,2006
38.139,38.576,5.9,3.3,1143443029,2006
36.988,36.879,13.6,3,1143027405,2006
37.452,37.6,6.2,4,1142456802,2006
38.505,39.24,14.1,3.1,1142416920,2006
37.421,37.213,5,3.4,1141355198,2006
35.965,35.983,24,3.7,1140482423,2006
39.041,37.147,27.4,4.1,1139479406,2006
36.897,35.942,18.1,4.4,1138300921,2006
36.672,34.765,4,4.1,1137939981,2006
38.476,39.29,14,3.4,1136050607,2005
38.485,39.315,5,3.4,1136049725,2005
38.51,39.273,5,3.5,1136037758,2005
38.509,39.319,14,3.2,1136036419,2005
38.519,39.309,5,4.1,1135778879,2005
38.327,38.805,5,3.5,1135725630,2005
38.43,39.018,5,3.2,1135717663,2005
38.473,38.653,30,3.2,1135562095,2005
37.368,32.309,22,3,1135503257,2005
38.26,38.814,8.5,5.1,1133020615,2005
36.045,32.151,25,3.1,1132314934,2005
37.108,36.336,21.2,3.9,1131815691,2005
37.969,37.923,28.4,3,1131805016,2005
35.301,31.815,5,3.1,1130521662,2005
38.781,38.985,5,4.5,1129619824,2005
35.126,33.744,46,3.7,1128030630,2005
35.86,32.198,19,3.3,1126626860,2005
37.007,35.94,10,4.1,1122204970,2005
35.656,32.897,25,3.7,1120673925,2005
38.44,39.402,5,3.6,1120593443,2005
39.123,36.04,5,4.2,1120512785,2005
35.104,32.946,31,3,1118249233,2005
36.069,32.199,10,3.5,1118135833,2005
35.372,39.212,10,4.6,1116927612,2005
35.162,32.277,20,3.3,1116617616,2005
37.49,38.625,9.3,3.3,1115707135,2005
38.809,38.876,34.7,3.4,1115424641,2005
38.776,38.199,14.6,3.1,1115367867,2005
35.235,32.54,42,4.3,1113695092,2005
38.322,38.834,20.1,3.4,1113123125,2005
36.917,35.269,19.9,3.6,1112680151,2005
39.086,40.358,5,3.6,1112660878,2005
37.188,36.386,20.3,3.1,1111224379,2005
35.718,32.219,25,3.1,1111022284,2005
39.232,40.972,10,4,1110918666,2005
35.012,34.013,10,3,1110474680,2005
38.696,39.932,8,3.5,1110365736,2005
39.042,40.47,6.3,3.2,1109923381,2005
38.955,40.478,20.7,3.1,1109419770,2005
37.324,36.215,24.4,3.4,1109367648,2005
35.996,31.777,83.6,3.3,1109362507,2005
35.196,33.452,31,3.1,1109173174,2005
38.878,39.006,29.4,3.2,1108294631,2005
38.764,39.02,5.4,3.2,1108285730,2005
36.643,31.996,34,3.1,1106857408,2005
36.77,35.239,24.8,4.1,1106669153,2005
39.108,40.386,5.1,3.2,1105833011,2005
39.274,34.237,5,3.4,1105276014,2005
37.573,38.603,5,3.4,1105079264,2005
39.252,40.166,5,3.4,1101337735,2004
35.2,32.822,44.4,3.5,1100654580,2004
35.052,32.854,56.1,3.8,1100653929,2004
37.54,35.944,6.3,3.2,1100431474,2004
38.43,39.098,5,3.2,1100393211,2004
38.421,39.086,5,3.2,1100388632,2004
39.006,35.741,5,3.2,1100288796,2004
36.77,36.642,5.3,3.5,1099672732,2004
39.125,38.288,5,3.2,1099376407,2004
35.252,34.09,25,3.2,1099053952,2004
38.609,39.663,5,3.7,1098733282,2004
36.833,34.318,7.1,3.4,1096817324,2004
36.824,34.339,8.2,4.2,1096358578,2004
38.253,39.047,10,3.8,1094660204,2004
35.373,33.705,29,3,1094084194,2004
36.275,32.277,25,3.3,1093023208,2004
36.789,34.348,9.8,4.5,1092808620,2004
38.419,39.114,5,3.8,1092662013,2004
38.444,39.08,25,4.2,1092517296,2004
38.459,39.257,16,4.5,1092516139,2004
38.417,39.216,5,4.5,1092442825,2004
38.383,39.151,5,4.4,1092429305,2004
38.41,39.174,17.2,3.9,1092330788,2004
35.94,32.104,25,3.1,1092270456,2004
38.377,39.261,7.4,5.7,1092239306,2004
37.787,32.675,36,3.4,1090725301,2004
36.098,32.215,11,3.1,1090098387,2004
38.956,40.341,10,3.6,1090087587,2004
36.995,35.147,10,3.6,1089094541,2004
35.415,33.837,25,3,1087488590,2004
38.663,39.826,10,4.6,1087047474,2004
37.596,36.324,5,3,1085980061,2004
37.662,31.947,5,3.2,1085941425,2004
37.507,36.236,5,3.4,1085939019,2004
37.671,36.31,5,3.1,1085771126,2004
37.495,36.313,12,4.3,1085739281,2004
38.951,33.72,8,3.3,1085365427,2004
39.216,40.364,5,3,1085312123,2004
38.235,35.234,5,3,1085231061,2004
38.257,32.606,12,3.3,1085204214,2004
35.228,32.24,20,3,1085148059,2004
38.554,40.754,5,3.1,1085085902,2004
35.163,32.211,31,3.3,1084619632,2004
35.099,32.345,15,3.2,1084607261,2004
35.294,33.879,25,3.2,1083198388,2004
35.217,32.242,31,3,1083004787,2004
35.174,32.292,25,3.2,1083004413,2004
35.349,32.089,36,3,1081309248,2004
39.274,40.648,45,3.7,1080450779,2004
39.117,40.776,38.1,4,1080449703,2004
35.295,33.879,25,3.1,1079586397,2004
35.768,31.863,15,3.4,1079539876,2004
35.186,33.426,30,3.7,1079449082,2004
35.861,32.343,15,3.1,1078696527,2004
35.291,33.438,35,3.4,1078668610,2004
39.015,40.404,5.5,4.6,1078324719,2004
38.058,38.277,5,3.8,1078185319,2004
36.455,35.781,5,3,1078098937,2004
39.214,36.33,5,3.2,1078096311,2004
38.948,40.525,6,3.4,1078036868,2004
37.689,39.145,5,3.1,1078004611,2004
38.749,40.149,5,3.2,1077940293,2004
39.178,40.296,5,3.3,1077899240,2004
37.413,36.061,5,3.2,1077860956,2004
38.711,39.602,5,3.1,1077851461,2004
37.96,38.193,38.2,4.8,1077768843,2004
35.939,35.887,12,3.2,1077731016,2004
39.003,35.822,5,3.2,1077615148,2004
38.558,39.55,10,3.2,1077612673,2004
36.921,35.451,24,3.6,1077511363,2004
39.274,38.422,11,3.5,1077467140,2004
38.69,39.787,10,3.6,1077265178,2004
37.527,36.238,12,3.7,1077186837,2004
38.969,33.427,10,3.4,1077119803,2004
37.626,36.396,8,3.3,1077081004,2004
38.289,38.829,4,3.4,1076877629,2004
37.66,36.203,10,3.2,1076876457,2004
38.243,38.82,11,3.7,1076875380,2004
37.586,36.175,10,3.5,1076870629,2004
37.701,36.45,10,3.3,1076849745,2004
38.735,39.824,10,3.8,1076455631,2004
38.268,38.989,10,3.2,1076277603,2004
39.244,32.626,11,3.2,1076261812,2004
39.174,32.752,18,3.1,1076238123,2004
39.199,32.609,10,4.3,1076232474,2004
39.239,32.627,5,3.3,1076203610,2004
38.328,38.899,7,3.2,1073391712,2004
38.341,38.964,5.7,4.7,1073385551,2004
37.859,36.112,10,3.3,1073348252,2004
38.118,38.274,7,3,1073222188,2004
37.853,36.108,13,3,1073176630,2004
37.863,36.159,10,3.1,1073136455,2004
37.653,36.516,8,3.3,1073053211,2004
37.151,36.313,8,3.2,1072921059,2004
35.755,32.377,25,3,1070185386,2003
37.283,36.19,10,4,1069216343,2003
37.775,36.239,10,4.1,1062622995,2003
38.218,38.842,10,4.4,1061370885,2003
38.247,38.829,10,4.2,1061347864,2003
38.288,38.963,10,5.6,1058060901,2003
35.159,33.405,25,3.2,1055681544,2003
38.965,40.593,10,4.4,1053085565,2003
37.001,36.006,14.5,3.3,1053006179,2003
38.935,40.51,3.4,3.5,1052985986,2003
39.104,40.568,12.2,3,1052980561,2003
35.116,34.488,33,4.4,1052855550,2003
38.933,40.57,10,4.3,1052712610,2003
39.218,40.428,10,4,1052696641,2003
39.052,40.438,10,3.6,1052610102,2003
39.05,40.36,10,4.6,1052581491,2003
39.015,40.605,10,4.6,1052358260,2003
39.057,40.555,10,4.4,1052014198,2003
38.669,40.841,10,4.1,1051781750,2003
39.169,40.348,10,4,1051770883,2003
39.117,40.572,10,4.2,1051749719,2003
39.007,40.464,10,6.4,1051748824,2003
36.574,38.121,5.9,3.7,1050259683,2003
37.843,38.167,10,4.1,1049316940,2003
35.269,31.912,25,4.1,1048110628,2003
38.226,33.987,10,4.1,1047017559,2003
35.865,36.282,33,4.4,1046228902,2003
35.06,32.74,30,3,1044940377,2003
35.59,32.246,25,4.1,1043800403,2003
35.775,32.326,25,3.7,1043267264,2003
35.502,33.952,25,3.5,1042607231,2003
35.855,32.35,25,3.1,1042256155,2003
36.221,32.3,10,3.2,1040936519,2002
37.524,36.201,10,4.9,1039827763,2002
35.893,36.356,13,3.9,1037928892,2002
38.022,38.431,10,4.6,1037669136,2002
35.545,33.027,5,3.3,1036089060,2002
35.635,32.057,25,3.1,1035691804,2002
35.121,32.809,36,4.1,1035511005,2002
35.185,33.407,30,3.2,1034694616,2002
35.64,33.175,25,3.6,1033876149,2002
35.506,33.675,25,3.3,1033859500,2002
35.04,33.206,50,3.3,1031885789,2002
35.237,37.232,9.8,4.2,1031515071,2002
35.135,31.818,25,3.2,1030818200,2002
35.361,33.427,25,3,1030118288,2002
37.394,36.341,8.5,4.3,1022116080,2002
35.195,32.63,78,4.2,1019774088,2002
35.222,33.725,25,3.2,1013718701,2002
35.745,32.457,25,3.2,1013655895,2002
34.983,31.795,10,3.1,1008015187,2001
37.861,39.633,10,4.1,1006851207,2001
36.879,34.801,33,4.2,1005573556,2001
37.249,36.136,10,5.1,1004531632,2001
35.651,32.418,26,3.4,1004128081,2001
36.899,35.207,33,4.7,1003420230,2001
38.537,40.679,33,3.6,1001432538,2001
36.028,32.323,33,4.4,1001418813,2001
38.6,39.841,33,4.3,999466949,2001
35.198,33.904,10,4.4,999389004,2001
35.08,33.746,33,4.4,999372162,2001
37.011,36.145,10,3.8,997313762,2001
37.174,36.311,5,3.9,993493714,2001
37.238,36.206,5,5.5,993475726,2001
35.742,34.17,25,3.8,993303432,2001
35.892,31.909,10,3.3,991653864,2001
38.52,40.647,33,3.8,989584234,2001
36.527,35.658,33,3.5,988546654,2001
36.743,33.547,11,3.5,987510736,2001
38.594,33.798,12,4,984338505,2001
36.705,35.167,11,3.4,983284978,2001
37.707,38.539,10,3.1,983156595,2001
38.565,39.249,10,3.3,983100336,2001
38.651,36.232,10,3.2,983010293,2001
38.19,39.266,8.8,4.3,982454835,2001
35.966,32.267,25,3.4,980225649,2001
37.056,36.127,10,4.5,979733393,2001
37.591,38.474,15,3.1,979441441,2001
38.615,40.259,10,4.6,977657447,2000
35.102,32.301,20,3.1,976715407,2000
35.078,32.387,15,3,976714628,2000
36.657,32.294,25,3.7,973522595,2000
37.306,33.219,25,3.6,969619314,2000
37.064,33.213,33,3.9,969506811,2000
37.084,36.795,10,3.7,969500271,2000
36.255,33.708,25,3,968635500,2000
35.536,32.056,20,3.7,965194253,2000
37.702,36.558,10,3.9,962854579,2000
36.337,31.989,33,3.5,960763442,2000
35.365,33.3,20,3,960714393,2000
36.144,35.107,33,4.4,959413771,2000
38.245,39.425,10,4.4,959024931,2000
37.93,32.335,33,3.8,958342768,2000
37.049,36.085,10,4.7,958100504,2000
38.164,38.777,5.4,4.5,957741054,2000
38.183,38.747,1.6,4.2,957690524,2000
35.068,32.3,20,3,956923936,2000
35.228,32.932,15,3.2,955157624,2000
35.171,34.132,15,3.8,955019159,2000
36.67,34.258,33,3.8,954721430,2000
37.624,37.387,9,4.3,954696413,2000
37.636,37.322,9,4.5,954675685,2000
36.432,31.816,25,3.4,954303734,2000
35.667,32.089,25,3,953364168,2000
37.203,35.254,10,3.6,952535685,2000
37.235,35.134,33,4,952341697,2000
37.174,35.246,50.8,4,952338521,2000
37.945,32.448,10,3.6,952317323,2000
37.483,36.137,5,3.7,947973863,2000
38.531,38.857,5.1,3.6,946844915,2000
37.726,36.009,0.1,3.9,942545471,1999
37.855,31.947,10,4.1,941235002,1999
39.047,40.137,10,3.5,940846060,1999
39.077,40.252,11.8,3.6,940801905,1999
37.488,38.626,10,4.3,938200083,1999
39.175,40.214,10,4.5,935320375,1999
38.732,39.935,10,3.6,933524364,1999
38.811,31.841,8.7,3.7,933249765,1999
39.057,40.051,3.6,3.8,931814500,1999
35.137,32.231,20,3.2,931437346,1999
38.44,32.002,10,3.3,931292475,1999
35.805,33.948,33,3.7,930900824,1999
35.87,33.94,33,3.7,930900022,1999
38.056,38.331,6,3.7,930722335,1999
35.033,32.417,10,3.3,929351425,1999
37.282,35.885,12,4.4,929057121,1999
35.068,33.954,10.9,3.2,929012291,1999
39.062,38.898,10,3.7,928960162,1999
35.193,33.419,33,3,928940651,1999
37.491,36.351,10,3.4,928011245,1999
37.041,31.942,8,3.3,927758599,1999
36.501,35.252,10,4,925907151,1999
36.76,31.786,33,4.2,925569504,1999
35.797,32.058,15,3.3,925436827,1999
38.353,39.146,33,4.4,923996824,1999
37.771,38.176,8,3.9,923866509,1999
35.011,33.777,33,3.5,922886247,1999
35.051,32.359,8,3,922523216,1999
38.439,39.239,10,4,921359857,1999
35.866,32.213,10,3.6,921318091,1999
35.345,33.676,33,3.1,919155499,1999
35.268,33.499,20,3.1,918983213,1999
36.908,35.546,10,3.8,918830598,1999
37.09,36.224,10,3.7,916884830,1999
37.087,35.782,10,4.3,916365869,1999
36.97,35.484,12,3.5,916345591,1999
39.199,40.478,10,4,916297296,1999
38.671,39.8,10,3.9,915245838,1999
35.797,33.922,25,3.3,914315844,1998
35.896,33.915,10,4.2,914302271,1998
38.591,40.002,10,4.6,914124074,1998
38.857,35.489,10,4.2,913752908,1998
38.969,35.794,10,4.5,913640769,1998
38.864,35.799,10,4.2,913639469,1998
36.977,35.59,14,4,912747567,1998
38.115,38.932,7,3.2,911502928,1998
38.025,38.731,12,3.2,911491316,1998
36.513,36.166,10,3.2,910726982,1998
39.121,40.33,10,4.3,910713294,1998
39.206,40.065,10,4,910688366,1998
39.129,40.046,10,4.3,910687353,1998
39.129,40.377,10,4.5,910676371,1998
35.623,31.799,10,3.6,910654955,1998
39.106,39.961,10,4.1,910348343,1998
37.89,38.792,5,4.1,910143787,1998
38.73,35.707,10,4,909629827,1998
38.742,40.403,10,4.6,907879687,1998
37.843,34.517,67.4,3.9,907422855,1998
38.022,34.387,10,4.2,907261358,1998
36.874,35.546,58.4,3.7,906332194,1998
37.626,37.554,5,3.3,905590305,1998
36.82,35.412,10,3.6,903924391,1998
36.836,35.447,10,4.1,903924037,1998
36.764,35.475,10,3.3,903922314,1998
36.984,35.592,10,3.6,903647593,1998
37.003,35.602,10,3.3,903625164,1998
36.717,35.723,10,3.2,903448511,1998
37.724,38.595,10,3,903351128,1998
36.958,35.685,10,3.6,901514777,1998
36.149,35.855,10,3.6,901093983,1998
36.732,35.996,12.1,4.1,900699314,1998
36.863,35.682,10,3.7,900636213,1998
36.864,35.648,8,4,900473550,1998
35.197,34.113,5,3.4,900395109,1998
37.035,35.707,9,3.8,900326648,1998
37.04,35.592,12,3.8,900322079,1998
36.826,35.519,10,3.9,899649135,1998
36.778,35.35,10,3.4,899620281,1998
36.881,35.433,33,4.4,899544263,1998
36.874,35.321,33,5.4,899518546,1998
37.032,35.726,10,3.1,899514022,1998
37.038,35.734,10,3.4,899485124,1998
36.298,31.894,9,3.4,899346932,1998
36.989,35.559,11,3.7,899274301,1998
37.062,35.595,8,3.1,899174566,1998
37.044,35.739,10,3.7,899172063,1998
36.823,35.602,33,3.2,899146197,1998
37.026,35.69,6,3.9,899114614,1998
37.011,35.463,10,4.1,899047233,1998
36.846,35.45,10,3.2,899039242,1998
36.863,35.286,10,3.9,899033092,1998
36.838,35.717,10,3.5,899022594,1998
36.971,35.462,10,4.7,899006365,1998
36.939,35.72,10,3.3,899001312,1998
36.659,35.743,10,4,898984190,1998
36.97,35.259,10,4.2,898980614,1998
36.969,35.651,10,3.7,898977787,1998
36.997,35.758,10,3.5,898975369,1998
36.964,35.686,33,4.1,898973681,1998
36.969,35.699,7,3.5,898960338,1998
36.949,35.638,10,4.2,898956935,1998
37.184,35.813,13,3.5,898956867,1998
36.806,35.614,10,4.2,898956457,1998
36.878,35.307,33,6.3,898955752,1998
38.278,38.988,10,5.1,894728280,1998
38.64,40.427,10,4.3,893735515,1998
37.862,36.347,9,3.6,893469329,1998
36.598,32.044,10,3.2,892378546,1998
35.087,33.872,50,3.4,891848003,1998
38.196,34.468,10,3.9,891181454,1998
38.199,38.786,5,4.6,891044997,1998
37.993,32.011,5,3.3,890871270,1998
35.906,33.736,5,3.4,890297922,1998
37.571,38.255,10,3.9,890003438,1998
37.127,32.213,10,3.5,888913269,1998
36.582,36.434,6,3.7,888547343,1998
38.129,38.952,10,3.8,885689703,1998
37.153,35.542,10,3.5,883862105,1998
35.44,34.826,10,3.9,882069176,1997
38.309,36.542,10,3.7,876849604,1997
35.104,33.792,33,4.2,870332423,1997
38.988,40.453,10,3.7,868549837,1997
38.73,36.881,10,4,859937858,1997
36.268,36.163,10,4.2,856997272,1997
37.836,36.906,33,4.1,856022171,1997
38.39,40.318,33,4.2,855970853,1997
36.168,35.735,10,4.4,854031194,1997
36.326,36.231,10,4.3,854003362,1997
36.275,35.997,10,5.3,853957649,1997
36.239,35.922,10,5.1,853957490,1997
36.061,35.669,10,4.3,853957326,1997
36.25,35.951,10,5.7,853955838,1997
35.885,32.136,33,3.2,846476482,1996
35.66,32.501,33,3.7,845786548,1996
35.356,32.988,33,3.8,844943332,1996
35.027,32.115,33,4.2,844910257,1996
35.304,32.296,33,3.7,844893170,1996
36.105,31.967,120.1,3.9,837921522,1996
39.003,40.641,10,3.9,836120400,1996
36.107,35.913,10,4.4,835143482,1996
36.139,35.857,10,4,835141451,1996
35.823,35.658,10,4.6,833980396,1996
35.824,35.564,10,3.8,833912749,1996
35.729,35.523,20.8,4.1,833910164,1996
36.661,31.936,33,3.9,833164638,1996
38.222,39.53,33,3.7,831619301,1996
38.698,40.31,10,3.6,830096037,1996
35.026,32.422,33,3.7,829273075,1996
38.232,38.978,10,3.8,828930043,1996
38.296,38.94,10,3.1,828928916,1996
36.911,36.013,10,3.9,827322521,1996
36.238,32.005,10,3.5,825629511,1996
37,36.854,5,3.3,825196010,1996
37.384,36.365,10,3.5,825024921,1996
37.593,36.02,10,3.9,824724351,1996
37.579,36.29,10,3.5,824658232,1996
35.368,32.608,10,3.5,824433433,1996
37.212,36.4,10,3.3,824322983,1996
38.428,38.74,10,3.8,823731210,1996
38.285,38.897,10,4.3,823707087,1996
38.487,39.233,10,4.4,823696026,1996
36.213,35.235,10,3.4,823385802,1996
36.428,35.485,10,3.5,823346989,1996
35.293,32.037,33,3.3,822959870,1996
37.297,36.518,10,3.5,822528830,1996
35.855,35.7,10,3.3,822216518,1996
38.186,37.471,10,4.1,821796358,1996
38.85,36.874,10,3.3,821683621,1996
38.952,36.929,10,3.3,821629848,1996
39.013,36.877,10,3.3,821629596,1996
35.456,39.557,10,4.6,820769316,1996
39.248,40.166,10,3.8,819444671,1995
37.601,35.394,33,3.9,814937580,1995
39.289,36.983,33,4.1,807161195,1995
36.91,35.058,42.3,4.1,803798768,1995
35.167,32.282,10,4.2,803072023,1995
35.039,32.246,10,5.3,801723512,1995
38.246,38.612,10,3.6,798771101,1995
37.169,34.893,33,4.4,798765479,1995
37.467,36.197,23.9,4.6,797804598,1995
34.996,32.441,33,4.1,794367764,1995
35.001,32.373,33,3.7,794346040,1995
35.031,32.196,11.3,4.2,793774380,1995
35.024,32.054,10,3.9,793714471,1995
35.129,32.32,18.8,3.9,793678498,1995
35.068,32.353,10,3.2,793673625,1995
35.055,32.348,10,3.3,793673266,1995
35.364,31.891,10,3.7,793664001,1995
35.125,31.944,10,3.7,793662113,1995
35.023,32.258,10,3.4,793661964,1995
35.066,32.303,10,3.9,793657410,1995
35.087,32.334,10,3.3,793626556,1995
35.149,32.277,10,3.7,793589525,1995
34.988,32.211,25.5,4.6,793585658,1995
34.986,32.533,10,3.9,793584512,1995
35.125,32.329,22.4,4,793583480,1995
35.036,32.193,33,3.5,793579627,1995
35.114,32.325,10,4,793578632,1995
35.201,32.304,10,3.8,793577555,1995
35.043,32.314,10,5.3,793575631,1995
35.573,33.45,10,3.4,793574513,1995
35.123,32.329,10,4.7,793573836,1995
35.046,32.279,10,5.9,793573381,1995
35.849,34.286,33,4.4,792766058,1995
37.378,36.151,27.4,4.5,790660095,1995
35.035,34.426,33,4.1,790393400,1995
38.179,39.67,10,4.7,788770576,1994
35.277,39.745,10,4.6,787768695,1994
38.949,40.302,10,3.9,787454242,1994
35.335,39.557,28.8,5.4,785341862,1994
35.832,36.077,10,3.6,779326434,1994
36.325,36.745,10,3.8,779274405,1994
35.837,35.717,10,4.1,777480130,1994
35.653,35.509,10,4.1,777454291,1994
37.493,36.189,10,4.7,775564665,1994
38.267,38.824,10,4.7,773092951,1994
37.697,37.077,10,4.2,772402288,1994
38.307,39.463,10,4.3,770470388,1994
35.307,38.239,33,3.7,770453009,1994
36.763,35.984,10,3.5,764045216,1994
36.298,36.05,10,3.7,763805329,1994
38.581,33.64,10,3.8,763373728,1994
35.163,32.63,33,4,761835744,1994
36.969,35.828,17.4,4.9,760860918,1994
38.719,38.688,16.8,4.4,759757929,1994
37.475,35.754,10,3.7,758722716,1994
37.002,35.842,25.8,5,757630831,1994
36.798,32.778,10,3.5,755827026,1993
36.761,31.984,10,3.7,755821258,1993
38.193,37.692,10,3.9,744733381,1993
38.058,39.241,14.5,3.5,743983731,1993
37.144,36.868,34,4.2,743217717,1993
39.213,37.266,10,3.5,742676790,1993
37.891,39.315,47.4,4.8,741988089,1993
39.2,40.401,10,4.2,740622771,1993
35.254,33.829,10,3.4,738236087,1993
35.961,32.489,10,3.6,735530948,1993
38.085,38.54,19.6,4.4,733077790,1993
36.548,32.105,10,3.2,731343019,1993
38.038,38.616,10,3.8,730687077,1993
36.445,31.853,10,3.5,730569913,1993
37.413,36.223,10,3.7,729348540,1993
35.142,33.953,59.1,3.7,728417890,1993
35.258,33.874,33,3.5,727921593,1993
35.024,33.213,12.9,3.2,725924781,1993
35.047,33.184,63.9,4,721663126,1992
37.183,31.789,33,3.1,719450284,1992
38.747,38.503,10,4,718554475,1992
34.99,33.584,58.5,4.3,712223919,1992
36.337,36.076,10,3.3,708571871,1992
38.271,36.401,33,4.3,708466099,1992
35.175,33.08,10,3.6,707299475,1992
37.53,36.816,10,4.2,707122555,1992
39.214,40.513,10,3.8,706583807,1992
38.698,40.143,18.3,5.2,705266103,1992
37.271,36.279,33,3.6,704452493,1992
38.068,37.851,10,3.6,701301177,1992
35.113,33.931,60.7,3.8,699305453,1992
35.136,37.01,10,3.2,699069900,1992
39.029,35.775,10,3.9,698085000,1992
37.72,33.072,10,3.5,697579934,1992
38.263,39.038,24.6,3.4,696504730,1992
36.939,33.503,10,3.1,696362308,1992
37.6,35.916,10,4.1,695838167,1992
37.295,37.24,10,3.4,694763387,1992
36.135,31.807,114.9,5.2,691964515,1991
36.911,35.782,20.5,3,691090953,1991
38.904,33.427,10,3.9,690493730,1991
36.743,34.671,10,3.9,689251329,1991
35.602,32.519,98.5,3.5,689120683,1991
36.841,34.826,33,4.4,686838575,1991
37.375,36.047,10,4.3,686430234,1991
37.434,36.346,10,4.8,685916644,1991
36.143,35.861,10,4.4,685246449,1991
37.095,36.034,10,4.1,684846780,1991
36.198,31.807,112.8,4.3,683872719,1991
36.053,35.889,41,4.4,682177299,1991
36.166,35.778,10,4.1,681899602,1991
35.215,31.895,33,4,680158143,1991
35.507,35.457,10,3.5,672783143,1991
35.632,33.459,10,3.5,672344253,1991
37.844,32.058,10,3.8,671957318,1991
37.638,32.086,10,3.6,671749888,1991
37.61,32.047,10,3.7,671493415,1991
35.944,32.14,10,3.8,671291709,1991
37.359,36.221,10,5.4,671245719,1991
38.656,31.786,55.6,3.8,666125892,1991
38.47,36.633,10,3.4,664816760,1991
36.219,33.919,31.3,3.8,660705397,1990
37.064,32.013,10,3.5,660066419,1990
38.391,36.637,33,4.2,659648145,1990
35.847,35.61,10,4.4,657904917,1990
37.049,34.003,29.4,4.3,656128853,1990
35.077,33.85,33,3.4,644834548,1990
38.211,40.571,33,4.4,636605982,1990
36.077,31.907,10,3.4,635263262,1990
35.361,31.859,33,4,630465620,1989
35.891,32.607,33,3,629610702,1989
36.34,33.95,10,3.5,625272363,1989
36.507,32.019,10,3.6,625138609,1989
37.005,35.951,33,3.9,624460556,1989
37.328,35.808,10,3.7,624455891,1989
39.02,35.627,10,4.2,623992136,1989
38.957,35.554,10,4.3,622088854,1989
36.462,34.768,61.4,3.9,616916498,1989
36.719,35.943,41.6,5.1,614660997,1989
36.369,31.965,112.3,4,613518656,1989
36.467,38.351,10,3.9,612377045,1989
35.881,33.639,10,3.2,605205785,1989
38.124,39.585,10,4.3,601234097,1989
38.751,40.904,10,4.3,600246468,1989
37.593,32.146,29.4,4.5,598998967,1988
37.596,32.169,7.8,4.3,598825979,1988
35.768,35.892,46.6,4.6,586644150,1988
38.23,38.729,10,4.2,585348252,1988
36.541,34.375,33,3.8,584456437,1988
38.847,40.459,10,4.4,576560086,1988
39.276,40.46,10,4.5,575761324,1988
37.795,37.611,8.1,4.4,569540464,1988
36.658,35.4,10,3.4,568851134,1988
36.435,35.432,10,4.4,568009061,1988
36.935,35.951,47.6,4.3,567969967,1987
37.186,36.464,10,3.6,564443139,1987
37.691,37.551,10,3.9,563290200,1987
37.755,37.933,10,4.5,562588106,1987
39.099,40.354,10,4.3,557894771,1987
38.314,39.292,10,4.5,551516000,1987
35.785,35.06,33,4.7,550822662,1987
35.34,38.071,33,4.8,548550040,1987
38.418,40.551,10,4.9,540975101,1987
39.215,36.436,10,3.9,538085518,1987
38.905,40.273,10,4.4,528652414,1986
37.992,39.123,10,4.1,526718865,1986
36.088,32.133,99.5,4.3,525264861,1986
37.954,37.699,10,4.6,523911103,1986
37.197,37.257,10,4.6,523655920,1986
37.2,37.3,11.5,5,523416800,1986
37.839,35.905,10,4.2,522216078,1986
38.058,37.892,10,4,519359431,1986
38.011,37.859,10,4.3,519213744,1986
38.042,37.928,10,4.4,519211113,1986
38.051,37.976,10,4.7,518774259,1986
37.996,37.881,10,4.3,518671841,1986
38.042,37.897,10,4.2,518465705,1986
38.017,37.876,10,4.6,518443674,1986
38.033,37.919,10,4.5,518441385,1986
37.672,37.982,10,4.6,518439031,1986
38.001,37.917,10,5.8,518438386,1986
38.349,39.116,10,3.9,517853039,1986
38.054,38.026,10,4.2,515853332,1986
37.976,37.824,10,3.8,515710822,1986
38.087,37.861,10,4.6,515660489,1986
37.993,37.806,9.6,6.1,515648138,1986
36.11,31.921,10,3.4,511397136,1986
37.519,35.176,33,4.3,503993474,1985
37.604,35.501,33,4.6,503989535,1985
37.664,33.208,10,4.2,501034572,1985
35.061,33.475,62.8,4.1,500988386,1985
37.278,36.978,30,4.5,488275113,1985
38.446,39.42,10,4.2,487567218,1985
39.255,33.161,10,4.2,478702932,1985
39.169,36.012,10,4.5,475291407,1985
35.346,35.322,33,4.6,472226374,1984
37.162,36.126,40.5,4.3,469337327,1984
38.785,38.025,10,4.6,458769651,1984
37.09,36.147,26.2,4.7,438480847,1983
35.157,33.859,33,4.5,436474317,1983
38.427,39.109,10,4.3,416120537,1983
37.874,38.189,10,4.5,410378750,1983
39.242,40.203,10,4.6,410310378,1983
38.318,40.588,33,4.5,408471958,1982
38.338,40.599,10,4.9,408321098,1982
39.151,38.091,10,4.3,396770757,1982
35.124,33.787,59.1,4.6,390713283,1982
38.36,39.577,10,4.5,388519445,1982
37.444,34.771,10,4.3,388454521,1982
36.053,35.817,33,4.3,382290600,1982
35.962,35.634,10,4.4,380313527,1982
37.918,38.091,10,4.4,364834468,1981
36.127,35.939,33,4.4,362735944,1981
36.411,36.176,33,4.4,351902467,1981
36.28,36.319,33,4.5,351398513,1981
38.079,38.473,10,5.1,348827266,1981
38.579,39.388,10,4.2,343737166,1980
38.064,38.75,10,4.6,341298983,1980
37.456,36.888,10,4.1,339629495,1980
38.425,40.897,10,5,332166805,1980
36.237,33.888,42,4.2,331613283,1980
37.693,36.101,33,4.2,327599431,1980
37.825,38.119,10,4.1,319502573,1980
36.557,36.466,11,4.7,315665543,1980
37.47,35.847,41,5.1,315198547,1979
38.662,39.803,10,5,306000891,1979
38.902,38.786,10,4.2,302248172,1979
37.63,36.127,51,4.7,293966882,1979
37.794,39.015,10,4.4,290840654,1979
38.359,36.322,10,4,287212303,1979
38.07,37.468,10,5.1,281589154,1978
38.092,38.478,10,4.1,279600352,1978
37.963,38.469,10,4.2,275268556,1978
37.935,38.558,10,4.6,275254666,1978
38.105,38.65,10,4.7,275224126,1978
38.658,40.712,33,4.6,271876811,1978
38.106,32.529,33,4.3,258375682,1978
37.902,32.662,10,4.6,257136683,1978
37.166,36.756,36,4.5,255906636,1978
38.582,40.677,43,4.6,253843761,1978
37.226,35.998,33,4.7,250728513,1977
37.724,32.043,33,4.2,249511362,1977
37.418,31.996,33,4.2,245686260,1977
38.636,39.852,33,4.3,237978033,1977
38.774,40.019,10,4.7,232494218,1977
38.562,40.024,21,5.2,228105598,1977
38.477,40.583,23,4.8,213642714,1976
38.298,40.853,22,5.1,210809254,1976
38.481,40.447,33,4,209531085,1976
36.767,35.893,41,4.2,207559404,1976
37.556,36.051,33,4.7,206310248,1976
38.327,40.463,33,4.2,205752882,1976
38.451,40.066,30,4.3,205145413,1976
38.999,40.235,33,3.6,195431491,1976
38.963,40.884,54,4.7,190414725,1976
38.389,40.28,15,4.6,189187218,1975
38.51,40.474,6,4.6,189182163,1975
38.117,40.189,22,3.8,186449615,1975
38.553,40.644,33,4.4,185265915,1975
38.613,40.698,41,4.7,185200324,1975
38.578,40.537,33,4,184683249,1975
38.625,40.809,33,4.3,182382445,1975
38.77,40.541,48,4.5,181889997,1975
38.534,40.71,33,4.7,181580295,1975
38.576,40.527,33,4.6,180805275,1975
38.325,40.622,33,4.4,180561969,1975
38.672,40.773,33,4.5,180460406,1975
38.458,40.505,44,4.6,180184884,1975
38.67,40.856,15,4.2,180144859,1975
38.467,40.665,15,4.4,180103873,1975
39.224,40.719,33,4.6,179714494,1975
38.944,40.416,33,3.4,179316422,1975
38.671,40.398,33,3.5,179306011,1975
38.477,40.499,33,4.2,179275370,1975
38.232,40.472,33,4.5,179238240,1975
38.413,40.572,33,4.9,179237447,1975
38.428,40.83,33,5.2,179232735,1975
38.539,40.589,33,5.1,179230388,1975
38.474,40.723,26,6.7,179227210,1975
36.581,36.463,15,4.8,157768196,1975
37.721,31.952,33,4.3,154475253,1974
37.517,36.213,33,4.3,148280104,1974
38.732,38.968,11,4.4,146324190,1974
36.595,34.439,33,4,141488677,1974
38.728,39.179,33,4.5,141253570,1974
36.269,31.854,33,4.2,136342532,1974
37.651,37.825,33,3.4,133995217,1974
37.949,38.196,30,4.4,127752089,1974
38.491,39.621,33,4.9,116478124,1973
38.709,33.004,33,4.6,104718663,1973
38.934,40.653,10,6.9,43778642,1971
